Coin,Sentiment,total_pnl,trades,win_rate
@1,Fear,66.390428,8,0.375
@1,Greed,430.35580999999996,25,0.4
@10,Fear,0.0,1,0.0
@10,Greed,-0.063484,2,0.0
@10,Neutral,0.0,1,0.0
@100,Greed,27.627142,4,0.5
@103,Fear,0.0,1,0.0
@103,Greed,38.558036,6,0.6666666666666666
@107,Extreme Fear,963.025943,67,0.3283582089552239
@107,Extreme Greed,1187083.834424,2395,0.85678496868476
@107,Fear,395324.783386,9522,0.41461877756773785
@107,Greed,1272699.419517,11357,0.4841947697455314
@107,Neutral,30566.527867,1079,0.577386468952734
@109,Fear,5386.516521,17,0.7647058823529411
@109,Greed,27.567619,2,0.5
@11,Extreme Greed,0.0,1,0.0
@112,Fear,0.0,1,0.0
@112,Greed,-52.114723999999995,6,0.3333333333333333
@113,Fear,0.0,1,0.0
@113,Greed,16.92622,4,0.5
@114,Fear,0.0,1,0.0
@114,Greed,1.309077,1,1.0
@116,Fear,0.249717,3,0.3333333333333333
@116,Greed,1.473232,2,0.5
@117,Fear,0.0,1,0.0
@117,Greed,4.631689,3,0.3333333333333333
@12,Greed,0.0,2,0.0
@12,Neutral,0.0,1,0.0
@123,Greed,0.0,163,0.0
@124,Greed,-128.603876,8,0.0
@125,Fear,-82.451337,2,0.0
@125,Greed,452.715904,27,0.3333333333333333
@13,Fear,0.0,1,0.0
@13,Greed,-0.12379,2,0.0
@135,Fear,-5981.36399,1,0.0
@138,Fear,50.950684,4,1.0
@14,Extreme Greed,0.0,16,0.0
@14,Greed,0.0,1,0.0
@142,Fear,-832.3367280000003,163,0.05521472392638037
@142,Greed,1034.229436,149,0.4228187919463087
@147,Fear,-350.632694,5,0.0
@15,Neutral,0.0,2,0.0
@151,Fear,-48.868567999999996,11,0.0
@16,Fear,0.0,1,0.0
@16,Greed,-0.060429,2,0.0
@16,Neutral,0.0,1,0.0
@17,Neutral,0.0,1,0.0
@18,Neutral,0.0,1,0.0
@19,Neutral,0.0,2,0.0
@2,Greed,-0.907946,2,0.0
@2,Neutral,0.0,3,0.0
@20,Extreme Greed,0.0,4,0.0
@20,Greed,4.738087999999999,20,0.1
@20,Neutral,0.0,15,0.0
@21,Neutral,0.0,1,0.0
@23,Fear,0.0,34,0.0
@24,Greed,-0.002936,2,0.0
@24,Neutral,0.0,1,0.0
@25,Neutral,0.0,1,0.0
@26,Fear,0.0,1,0.0
@26,Greed,-0.25801799999999997,8,0.0
@26,Neutral,0.0,1,0.0
@28,Greed,0.0,1,0.0
@28,Neutral,0.0,1,0.0
@29,Fear,0.0,1,0.0
@29,Greed,-0.078374,4,0.0
@29,Neutral,0.0,1,0.0
@3,Extreme Greed,0.0,1,0.0
@3,Greed,0.462514,13,0.15384615384615385
@3,Neutral,0.0,9,0.0
@30,Neutral,0.0,1,0.0
@31,Greed,33.212273,2,0.5
@31,Neutral,0.0,1,0.0
@32,Neutral,0.0,1,0.0
@33,Greed,13.566929,3,0.6666666666666666
@33,Neutral,0.0,1,0.0
@34,Neutral,0.0,2,0.0
@35,Fear,0.0,1,0.0
@35,Greed,67.028127,2,1.0
@35,Neutral,0.0,1,0.0
@36,Greed,15.663073,2,0.5
@36,Neutral,0.0,1,0.0
@37,Fear,10.17704,1,1.0
@37,Greed,288.682161,10,0.4
@37,Neutral,0.0,1,0.0
@38,Extreme Greed,0.0,1,0.0
@38,Fear,0.0,1,0.0
@38,Greed,33.271993,1,1.0
@39,Fear,0.0,1,0.0
@39,Greed,12.238556,1,1.0
@4,Extreme Fear,648.984412,28,0.5357142857142857
@4,Extreme Greed,-995.984587,79,0.08860759493670886
@4,Fear,182.202642,53,0.3018867924528302
@4,Greed,-548.052788,342,0.12280701754385964
@4,Neutral,616.886344,378,0.023809523809523808
@40,Fear,0.0,1,0.0
@40,Greed,12.149683,8,0.25
@41,Extreme Greed,0.0,1,0.0
@41,Fear,0.0,1,0.0
@41,Greed,36.73844,2,0.5
@41,Neutral,0.0,1,0.0
@42,Greed,0.0,1,0.0
@44,Extreme Greed,0.0,1,0.0
@44,Fear,0.0,1,0.0
@44,Neutral,0.0,1,0.0
@45,Extreme Greed,0.0,1,0.0
@46,Extreme Greed,0.0,2,0.0
@46,Neutral,0.0,1,0.0
@47,Fear,0.0,1,0.0
@47,Greed,50.313458,3,0.6666666666666666
@48,Neutral,0.0,1,0.0
@49,Extreme Fear,-40.712216999999995,4,0.0
@49,Fear,0.0,1,0.0
@51,Fear,0.0,165,0.0
@51,Greed,-42.593463,6,0.0
@51,Neutral,-288.283113,17,0.0
@53,Greed,67.86470700000001,3,0.6666666666666666
@53,Neutral,0.0,1,0.0
@59,Fear,2557.105607,41,0.1951219512195122
@59,Greed,0.0,2,0.0
@6,Neutral,0.0,1,0.0
@61,Neutral,0.0,1,0.0
@63,Greed,-20.663546,1,0.0
@68,Greed,0.0,1,0.0
@7,Neutral,0.0,1,0.0
@74,Extreme Greed,299.941989,1,1.0
@74,Fear,0.0,2,0.0
@74,Greed,71.69126,6,0.6666666666666666
@78,Fear,0.0,15,0.0
@8,Extreme Fear,0.0,2,0.0
@8,Extreme Greed,0.0,40,0.0
@8,Fear,111.74482900000001,20,0.25
@8,Greed,50.9757,79,0.06329113924050633
@8,Neutral,0.0,135,0.0
@83,Fear,-1044.789706,4,0.0
@83,Greed,-42.843649,32,0.0
@85,Fear,9539.420245,97,0.2268041237113402
@85,Greed,16966.719764,28,0.75
@86,Greed,0.0,1,0.0
@9,Greed,-58.564889,3,0.0
@93,Fear,0.0,1,0.0
@93,Greed,15.954796,1,1.0
@95,Greed,-29.438061,2,0.0
AAVE,Extreme Fear,54.547115999999995,3,0.6666666666666666
AAVE,Extreme Greed,3190.135085,150,0.32666666666666666
AAVE,Fear,1113.836883,115,0.3739130434782609
AAVE,Greed,362.97594399999997,114,0.3508771929824561
AAVE,Neutral,237.400158,123,0.35772357723577236
ACE,Extreme Greed,2641.84771,22,0.9545454545454546
ACE,Greed,118.86720000000001,3,0.6666666666666666
ADA,Extreme Fear,0.0,5,0.0
ADA,Extreme Greed,753.713716,9,0.3333333333333333
ADA,Fear,3263.977838,120,0.48333333333333334
ADA,Greed,96.67587999999999,182,0.3241758241758242
ADA,Neutral,35.839563,4,1.0
AI,Extreme Fear,29.920432,6,0.5
AI,Fear,12.169202,2,1.0
AI,Greed,11.54844,7,0.42857142857142855
AI16Z,Extreme Fear,499.510375,29,0.4482758620689655
AI16Z,Fear,7421.112622,283,0.6607773851590106
AI16Z,Greed,2232.1048849999997,46,0.6956521739130435
AI16Z,Neutral,82.262124,17,0.5882352941176471
AIXBT,Extreme Fear,71.32288,5,0.6
AIXBT,Fear,1943.44861,274,0.5145985401459854
AIXBT,Greed,1305.922214,47,0.7872340425531915
AIXBT,Neutral,9.825941,9,0.5555555555555556
ALGO,Extreme Fear,0.0,1,0.0
ALGO,Greed,-0.2484,2,0.0
ALT,Extreme Greed,2324.66397,110,0.6181818181818182
ALT,Fear,3315.350174,126,0.7142857142857143
ALT,Greed,230.6884,13,0.3076923076923077
ANIME,Fear,21228.411894,654,0.3256880733944954
ANIME,Greed,70.90326,2,0.5
APE,Extreme Fear,0.0,10,0.0
APE,Extreme Greed,2072.62718,45,0.37777777777777777
APE,Fear,905.703575,89,0.2696629213483146
APE,Greed,4808.285568,429,0.31934731934731936
APE,Neutral,1539.9361159999999,45,0.37777777777777777
APT,Extreme Fear,0.0,1,0.0
APT,Fear,674.1,12,0.4166666666666667
APT,Greed,245.44495999999998,40,0.125
AR,Extreme Greed,203.38219999999998,13,0.8461538461538461
ARB,Extreme Fear,0.0,1,0.0
ARB,Extreme Greed,-8.05898,6,0.16666666666666666
ARB,Fear,9149.270049,75,0.2
ARB,Greed,37.255869000000004,18,0.3888888888888889
ARB,Neutral,143.945602,17,0.35294117647058826
ARK,Extreme Greed,0.0,1,0.0
ARK,Fear,57.59879,2,0.5
ARK,Greed,26.13828,4,1.0
ATOM,Extreme Greed,0.0,3,0.0
ATOM,Fear,3.111853,8,0.5
ATOM,Greed,51.238267,62,0.41935483870967744
ATOM,Neutral,33.731024000000005,4,1.0
AVAX,Extreme Fear,0.0,2,0.0
AVAX,Extreme Greed,1.252022,6,0.3333333333333333
AVAX,Fear,35426.350546,58,0.5517241379310345
AVAX,Greed,12136.358247,46,0.43478260869565216
AVAX,Neutral,19.97606,4,0.75
BABY,Fear,98.7298,3,0.6666666666666666
BADGER,Extreme Fear,22.546093,10,0.6
BADGER,Extreme Greed,1297.018477,19,0.7894736842105263
BADGER,Fear,27.457657,66,0.19696969696969696
BADGER,Greed,92.711006,95,0.29473684210526313
BANANA,Extreme Greed,-81.48518800000001,8,0.0
BERA,Fear,84358.293859,670,0.6492537313432836
BIGTIME,Extreme Greed,272.01318000000003,16,0.25
BIGTIME,Greed,1567.72619,29,0.9655172413793104
BIO,Extreme Fear,0.0,2,0.0
BIO,Fear,36.105776,8,0.875
BLAST,Extreme Fear,0.0,1,0.0
BLAST,Extreme Greed,135.989017,4,1.0
BLAST,Fear,316.363549,45,0.3111111111111111
BLAST,Neutral,177.767519,5,0.4
BLUR,Extreme Fear,0.0,1,0.0
BLUR,Extreme Greed,3051.79583,28,0.8928571428571429
BLUR,Fear,159.991096,12,0.5
BLUR,Greed,-0.016659999999999998,4,0.0
BLUR,Neutral,98.921512,24,1.0
BNB,Extreme Fear,0.0,1,0.0
BNB,Extreme Greed,14.42765,6,0.3333333333333333
BNB,Fear,1132.022992,66,0.5454545454545454
BNB,Greed,15.790879999999998,40,0.4
BNT,Greed,-17.60528,10,0.2
BOME,Extreme Fear,0.0,2,0.0
BOME,Fear,-9.994446,2,0.0
BRETT,Extreme Fear,0.0,3,0.0
BRETT,Extreme Greed,-874.029129,43,0.0
BRETT,Fear,6.923826,1,1.0
BRETT,Greed,1801.308998,86,0.9069767441860465
BTC,Extreme Fear,5677.681742,145,0.27586206896551724
BTC,Extreme Greed,10100.854637,1120,0.3053571428571429
BTC,Fear,360665.775723,9221,0.36818132523587466
BTC,Greed,72904.27249999999,2844,0.29887482419127986
BTC,Neutral,8427.229916,321,0.32398753894080995
CAKE,Extreme Greed,268.68335,13,0.6153846153846154
CAKE,Fear,594.282727,41,0.21951219512195122
CAKE,Greed,159.880674,4,1.0
CANTO,Extreme Greed,-0.042,2,0.0
CANTO,Neutral,-188.45613000000003,8,0.0
CHILLGUY,Extreme Fear,0.0,1,0.0
CHILLGUY,Extreme Greed,21.008012,10,0.4
CHILLGUY,Fear,1460.55854,59,0.7288135593220338
CHILLGUY,Greed,3072.093691,129,0.5038759689922481
CHILLGUY,Neutral,0.0,1,0.0
COMP,Greed,2814.398024,95,0.6
CRV,Extreme Fear,17.724967999999993,36,0.1388888888888889
CRV,Extreme Greed,-1199.624026,13,0.0
CRV,Fear,151.982577,49,0.5102040816326531
CRV,Greed,334.45763,21,0.5238095238095238
CYBER,Extreme Greed,0.0,1,0.0
CYBER,Greed,191.5296,1,1.0
DOGE,Extreme Fear,0.0,1,0.0
DOGE,Extreme Greed,3680.184792,80,0.8
DOGE,Fear,14039.41085,339,0.4218289085545723
DOGE,Greed,13945.953657,356,0.4859550561797753
DOGE,Neutral,26.843200000000003,3,0.6666666666666666
DOT,Extreme Greed,6.140043,13,0.5384615384615384
DOT,Fear,32.893978,15,0.6666666666666666
DOT,Greed,129.605794,42,0.5476190476190477
DOT,Neutral,22.110708000000002,2,1.0
DYDX,Fear,498.70225700000003,111,0.2072072072072072
DYDX,Neutral,1.644956,5,0.4
DYM,Extreme Fear,0.0,2,0.0
DYM,Extreme Greed,-268.72002,1,0.0
DYM,Greed,131.82795,2,0.5
DYM,Neutral,241.24212,10,0.2
EIGEN,Extreme Fear,0.0,1,0.0
EIGEN,Extreme Greed,285.021189,26,0.4230769230769231
EIGEN,Fear,407.034582,59,0.3050847457627119
EIGEN,Greed,51188.152699,181,0.09944751381215469
EIGEN,Neutral,64.801788,23,0.2608695652173913
ENA,Extreme Fear,0.0,61,0.0
ENA,Extreme Greed,2.333863,23,0.08695652173913043
ENA,Fear,202941.236046,459,0.39433551198257083
ENA,Greed,12842.536385,254,0.30708661417322836
ENA,Neutral,15.25477,57,0.07017543859649122
ENS,Fear,-7.121359999999999,4,0.0
ETC,Extreme Greed,38.32488,3,0.3333333333333333
ETC,Greed,166.7236,2,1.0
ETH,Extreme Fear,3.324684,166,0.006024096385542169
ETH,Extreme Greed,-128752.13141300001,1586,0.212484237074401
ETH,Fear,739057.813789,3128,0.37851662404092073
ETH,Greed,38986.598838,2717,0.25432462274567535
ETH,Neutral,69185.369449,1304,0.36119631901840493
ETHFI,Extreme Greed,1412.314654,17,0.5294117647058824
ETHFI,Fear,274.216268,12,0.5833333333333334
ETHFI,Greed,6668.603784,31,0.5161290322580645
ETHFI,Neutral,35573.871368,251,0.3665338645418327
FARTCOIN,Extreme Fear,-5606.857421000001,31,0.1935483870967742
FARTCOIN,Fear,33204.534563,1454,0.4346629986244842
FARTCOIN,Greed,14973.747849,657,0.6225266362252664
FARTCOIN,Neutral,81.461842,17,1.0
FET,Extreme Greed,82.5628,42,0.38095238095238093
FET,Greed,146.6026,7,0.8571428571428571
FIL,Neutral,-35.27859,5,0.0
FTM,Extreme Greed,2939.981493,33,0.8181818181818182
FTM,Greed,3551.8388,44,0.6590909090909091
FTM,Neutral,453.55695000000003,4,0.75
FTT,Extreme Fear,9.813842000000001,12,0.3333333333333333
FTT,Extreme Greed,384.150912,226,0.3230088495575221
FTT,Fear,3026.88102,570,0.39649122807017545
FTT,Greed,894.572842,600,0.28833333333333333
FTT,Neutral,161.326012,40,0.325
FXS,Extreme Greed,-64.437356,14,0.0
FXS,Fear,101.726262,33,0.3333333333333333
FXS,Greed,147.01019,41,0.5121951219512195
FXS,Neutral,-306.228808,13,0.0
GALA,Extreme Fear,0.0,6,0.0
GALA,Fear,10.736339,2,0.5
GALA,Greed,70.341155,19,0.3157894736842105
GAS,Extreme Greed,60.6139,2,0.5
GMT,Extreme Fear,0.0,1,0.0
GMT,Fear,50.288782,35,0.5428571428571428
GMT,Greed,152.894646,35,0.37142857142857144
GMT,Neutral,0.2668,2,0.5
GMX,Extreme Greed,61.855318,57,0.45614035087719296
GMX,Fear,10.87812,5,0.6
GMX,Greed,4.289486,9,0.4444444444444444
GOAT,Extreme Fear,102.50732,1,1.0
GOAT,Extreme Greed,7714.837834,68,0.6323529411764706
GOAT,Fear,27.76545,2,0.5
GOAT,Greed,229.232666,26,0.5769230769230769
GRASS,Extreme Fear,44.727662,20,0.25
GRASS,Extreme Greed,132.48739,2,1.0
GRASS,Fear,-583.604196,62,0.3870967741935484
GRASS,Greed,135.09947,29,0.2413793103448276
GRASS,Neutral,441.224059,22,0.9545454545454546
GRIFFAIN,Fear,5767.48045,398,0.7336683417085427
GRIFFAIN,Greed,100.24504,1,1.0
HBAR,Extreme Fear,0.0,2,0.0
HBAR,Extreme Greed,637.48106,52,0.21153846153846154
HBAR,Fear,342.30474200000003,82,0.45121951219512196
HBAR,Greed,748.996467,73,0.5342465753424658
HBAR,Neutral,152.82600300000001,17,0.7058823529411765
HPOS,Extreme Fear,0.0,2,0.0
HPOS,Extreme Greed,1520.506898,59,0.559322033898305
HPOS,Greed,41.12001500000008,45,0.28888888888888886
HPOS,Neutral,415.968797,17,0.35294117647058826
HYPE,Extreme Fear,1359.117594,1310,0.38549618320610685
HYPE,Extreme Greed,336.71153499999997,108,0.21296296296296297
HYPE,Fear,804978.141058,38963,0.39391217308728793
HYPE,Greed,356477.54391300003,6679,0.47417278035634075
HYPE,Neutral,302.097654,50,0.54
ILV,Extreme Fear,0.0,1,0.0
ILV,Extreme Greed,1178.077943,22,0.5
ILV,Fear,-279.0688,18,0.0
ILV,Greed,4392.963602,110,0.4636363636363636
IMX,Extreme Fear,0.0,2,0.0
IMX,Extreme Greed,37.358421,10,0.7
IMX,Fear,17.272028,16,0.5625
IMX,Greed,431.19298799999996,17,0.5294117647058824
IMX,Neutral,27.414213000000004,3,1.0
INJ,Extreme Greed,5486.867018,86,0.6744186046511628
INJ,Fear,32.682104,22,0.7272727272727273
INJ,Greed,380.254955,48,0.5208333333333334
INJ,Neutral,19.974321,2,1.0
IO,Extreme Fear,0.5836,3,1.0
IO,Extreme Greed,-32.56077100000001,58,0.15517241379310345
IO,Fear,126.12043299999999,18,0.2777777777777778
IO,Greed,-22158.637121,236,0.09322033898305085
IO,Neutral,0.0,5,0.0
IP,Fear,3275.188104,466,0.5472103004291845
JELLY,Fear,20410.533559,691,0.804630969609262
JELLY,Greed,6904.064602,74,0.8243243243243243
JTO,Fear,8525.281925,64,0.421875
JTO,Greed,-24.632033999999997,4,0.0
JTO,Neutral,1.5568,2,0.5
JUP,Extreme Fear,21.279519999999998,12,0.16666666666666666
JUP,Extreme Greed,2086.378863,70,0.9571428571428572
JUP,Fear,44239.091516,509,0.4086444007858546
JUP,Greed,15.470944,19,0.10526315789473684
KAITO,Fear,-3890.177999,157,0.34394904458598724
LAYER,Fear,13189.0,158,0.08227848101265822
LDO,Extreme Greed,11.591396999999999,14,0.14285714285714285
LDO,Fear,77.600206,21,0.47619047619047616
LDO,Greed,52.407286,37,0.43243243243243246
LDO,Neutral,29.020816,4,1.0
LINK,Extreme Fear,0.0,2,0.0
LINK,Extreme Greed,150.499455,27,0.14814814814814814
LINK,Fear,784.302175,147,0.46938775510204084
LINK,Greed,123.68403400000001,87,0.41379310344827586
LINK,Neutral,175.368169,26,0.5384615384615384
LOOM,Extreme Greed,215.057055,5,0.4
LTC,Extreme Greed,0.0,2,0.0
LTC,Fear,2264.784408,97,0.5567010309278351
LTC,Greed,106.55968999999999,77,0.5584415584415584
LTC,Neutral,92.725126,8,1.0
MANTA,Extreme Greed,179.92768999999998,7,0.5714285714285714
MANTA,Fear,1221.761736,15,0.8666666666666667
MANTA,Greed,33.279226,69,0.3333333333333333
MANTA,Neutral,48.680254000000005,5,1.0
MATIC,Extreme Greed,868.393982,15,0.4
MATIC,Greed,70.585904,11,0.36363636363636365
MATIC,Neutral,-270.04886899999997,12,0.0
MAV,Extreme Greed,0.0189,2,0.5
MAVIA,Extreme Greed,1801.5562400000001,16,0.6875
MAVIA,Fear,3775.923644,189,0.708994708994709
ME,Extreme Greed,2767.02671,10,0.8
ME,Fear,12143.314458,288,0.3888888888888889
ME,Greed,775.948818,6,0.6666666666666666
MELANIA,Extreme Fear,0.0,27,0.0
MELANIA,Fear,162169.837479,2313,0.2831820146995244
MELANIA,Greed,8045.056928,81,0.08641975308641975
MEME,Extreme Greed,4003.630946,67,0.6119402985074627
MEME,Fear,540.39498,15,0.13333333333333333
MEME,Greed,5.457166,4,0.25
MEME,Neutral,2.584983,2,0.5
MERL,Fear,-3.17364,2,0.0
MEW,Extreme Fear,0.0,1,0.0
MEW,Greed,10.765288,8,0.625
MINA,Extreme Greed,198.7045,8,0.875
MKR,Fear,121.799513,75,0.4
MNT,Greed,-21.057177,8,0.125
MOODENG,Extreme Fear,0.0,3,0.0
MOODENG,Extreme Greed,128.779512,60,0.25
MOODENG,Greed,15917.071912000001,35,0.5428571428571428
MORPHO,Fear,421.871013,40,0.725
MOVE,Fear,1221.03465,49,0.8367346938775511
MOVE,Greed,-117.40452400000001,21,0.14285714285714285
MOVE,Neutral,0.0,1,0.0
MYRO,Greed,51.19653,13,0.9230769230769231
NEAR,Extreme Fear,0.0,1,0.0
NEAR,Extreme Greed,6717.049831,132,0.9621212121212122
NEAR,Fear,5191.94818,58,0.9137931034482759
NEAR,Greed,2036.096536,24,0.6666666666666666
NEIROETH,Extreme Fear,0.0,1,0.0
NIL,Fear,-3175.273635,226,0.0752212389380531
NTRN,Extreme Greed,1711.3687009999999,65,0.8153846153846154
NTRN,Fear,189.04579,8,0.625
NTRN,Neutral,-298.65533600000003,26,0.038461538461538464
OM,Fear,-852.09264,28,0.7142857142857143
ONDO,Extreme Greed,11032.521734,209,0.7799043062200957
ONDO,Fear,3566.045512,526,0.5190114068441065
ONDO,Greed,2980.732782,58,0.9310344827586207
ONDO,Neutral,2.3714,1,1.0
OP,Extreme Fear,0.0,1,0.0
OP,Fear,112.032383,70,0.11428571428571428
OP,Greed,2396.96776,64,0.890625
ORDI,Extreme Greed,4.577412,5,0.4
ORDI,Greed,35.897842,21,0.42857142857142855
ORDI,Neutral,59.118368,13,0.6153846153846154
PENDLE,Extreme Fear,51.038697,18,0.2222222222222222
PENDLE,Extreme Greed,254.1928,12,0.8333333333333334
PENDLE,Fear,5082.64157,632,0.5158227848101266
PENDLE,Greed,1889.592328,123,0.5040650406504065
PENGU,Extreme Fear,29.854743000000003,11,1.0
PENGU,Fear,5963.158894,413,0.6222760290556901
PENGU,Greed,756.6867050000001,113,0.35398230088495575
PENGU,Neutral,2.8122439999999997,47,0.06382978723404255
PEOPLE,Extreme Greed,0.0,1,0.0
PEOPLE,Greed,360.646005,1,1.0
PIXEL,Extreme Greed,405.89459999999997,23,0.6956521739130435
PNUT,Extreme Fear,0.0,1,0.0
PNUT,Extreme Greed,8544.6855,19,0.5263157894736842
PNUT,Fear,984.738976,13,0.07692307692307693
PNUT,Greed,2483.019082,79,0.6835443037974683
POLYX,Greed,618.133683,14,0.9285714285714286
POPCAT,Extreme Fear,0.0,1,0.0
POPCAT,Fear,1366.464809,224,0.42410714285714285
POPCAT,Greed,18.3943,6,0.16666666666666666
POPCAT,Neutral,341.877629,56,0.375
PROMPT,Fear,599.92581,27,0.9629629629629629
PURR,Extreme Fear,-21.589617999999998,33,0.0
PURR,Extreme Greed,1110.8879670000001,12,0.3333333333333333
PURR,Fear,11649.121201,546,0.7875457875457875
PURR,Greed,11676.729647,295,0.5457627118644067
PURR,Neutral,1241.274117,122,0.8934426229508197
PURR/USDC,Extreme Fear,0.0,20,0.0
PURR/USDC,Extreme Greed,4243.732564,272,0.2536764705882353
PURR/USDC,Fear,32381.04908,797,0.3437892095357591
PURR/USDC,Greed,50981.91044,1219,0.4700574241181296
PURR/USDC,Neutral,940.155112,86,0.37209302325581395
PYTH,Extreme Greed,111.878376,6,0.5
PYTH,Fear,590.06989,84,0.38095238095238093
PYTH,Greed,1118.5681419999999,55,0.2909090909090909
RENDER,Fear,1916.6285599999999,24,0.6666666666666666
RENDER,Greed,4027.871434,166,0.5240963855421686
REQ,Fear,4.947336,19,0.6842105263157895
REZ,Fear,163.181056,13,0.7692307692307693
RLB,Extreme Greed,75.947736,4,0.5
RNDR,Extreme Greed,12041.844672,139,0.8201438848920863
RNDR,Fear,47.6918,2,0.5
RNDR,Greed,1475.52,30,0.9666666666666667
RNDR,Neutral,1.266086,5,0.4
RSR,Extreme Fear,160.127816,26,0.7307692307692307
RSR,Greed,5.303512,6,0.5
RUNE,Extreme Greed,1805.453279,63,0.5873015873015873
RUNE,Fear,4772.863396,157,0.6560509554140127
RUNE,Greed,-330.6583600000001,73,0.5205479452054794
RUNE,Neutral,-65.612606,20,0.2
S,Fear,-8642.64088,116,0.31896551724137934
SAND,Extreme Fear,0.0,3,0.0
SAND,Extreme Greed,34.072534000000005,6,0.3333333333333333
SAND,Fear,1074.225505,77,0.2597402597402597
SAND,Greed,17.68226,8,0.375
SCR,Greed,1612.97536,32,0.65625
SEI,Fear,2516.86436,155,0.7612903225806451
SEI,Greed,-928.027082,67,0.31343283582089554
SHIA,Extreme Greed,273.568643,5,0.6
SOL,Extreme Fear,167.652569,101,0.04950495049504951
SOL,Extreme Greed,1933.511087,71,0.352112676056338
SOL,Fear,1063234.005008,2735,0.4018281535648994
SOL,Greed,158887.755983,1656,0.41847826086956524
SOL,Neutral,262.473048,74,0.35135135135135137
SPX,Fear,2122.605148,41,0.6829268292682927
STG,Extreme Greed,179.54376000000002,7,0.7142857142857143
STRK,Extreme Greed,-1600.721077,24,0.16666666666666666
STRK,Fear,13.53095,7,0.7142857142857143
STRK,Greed,8.483716,9,0.5555555555555556
STRK,Neutral,48.937833,4,1.0
STX,Extreme Greed,1484.61133,42,0.9285714285714286
STX,Fear,0.0,53,0.0
STX,Greed,99.274662,33,0.42424242424242425
SUI,Extreme Fear,3.72735,8,0.125
SUI,Extreme Greed,722.90799,36,0.3333333333333333
SUI,Fear,58818.799454,574,0.4651567944250871
SUI,Greed,69970.517694,680,0.4308823529411765
SUI,Neutral,26.80934,26,0.19230769230769232
SUPER,Extreme Fear,0.0,3,0.0
SUSHI,Extreme Fear,0.0,1,0.0
SUSHI,Extreme Greed,99.544074,48,0.14583333333333334
SUSHI,Fear,165.239109,16,0.4375
SUSHI,Greed,8.986355,18,0.3333333333333333
SUSHI,Neutral,306.227325,16,0.625
TAO,Extreme Fear,0.0,1,0.0
TAO,Extreme Greed,9.504275,1,1.0
TAO,Fear,13588.103713,469,0.6545842217484008
TAO,Greed,0.068324,1,1.0
TAO,Neutral,1882.13669,22,0.7727272727272727
TIA,Extreme Fear,0.0,1,0.0
TIA,Extreme Greed,1020.23628,34,0.14705882352941177
TIA,Fear,-371.162276,52,0.17307692307692307
TIA,Greed,4056.618617,169,0.47928994082840237
TIA,Neutral,144.554665,32,0.34375
TNSR,Extreme Greed,1048.19443,214,0.5046728971962616
TNSR,Fear,357.902259,153,0.30718954248366015
TNSR,Greed,3283.044418,253,0.383399209486166
TNSR,Neutral,231.441955,40,0.35
TON,Fear,-16.544924,6,0.0
TON,Greed,-0.15074600000000027,22,0.18181818181818182
TON,Neutral,-1.40304,2,0.0
TRUMP,Fear,27039.594114,1045,0.44880382775119615
TRUMP,Greed,0.0,34,0.0
TRX,Extreme Greed,141.46889399999998,71,0.08450704225352113
TRX,Greed,528.6926100000001,9,0.5555555555555556
TST,Fear,3144.314369,161,0.5527950310559007
TURBO,Extreme Greed,7491.47082,29,0.5862068965517241
TURBO,Fear,1.1259480000000002,8,0.375
TURBO,Greed,29.025653,9,0.3333333333333333
TURBO,Neutral,130.883691,12,0.5833333333333334
UNI,Extreme Fear,0.0,1,0.0
UNI,Extreme Greed,53.801623,7,0.42857142857142855
UNI,Fear,239.41846800000002,27,0.2222222222222222
UNI,Greed,13.561684,2,0.5
UNIBOT,Extreme Greed,325.055769,4,0.5
USTC,Extreme Greed,333.339015,3,0.6666666666666666
USTC,Fear,13.354154999999999,46,0.43478260869565216
USTC,Greed,0.0,1,0.0
USUAL,Fear,49744.618476,363,0.4573002754820937
USUAL,Greed,21066.359357999998,179,0.8268156424581006
VINE,Fear,1478.987583,289,0.48788927335640137
VINE,Greed,1653.13782,77,0.24675324675324675
VIRTUAL,Extreme Fear,111.96326499999999,5,0.4
VIRTUAL,Fear,19662.131496,341,0.6598240469208211
VIRTUAL,Greed,1015.82425,37,0.35135135135135137
VIRTUAL,Neutral,-7.18059,13,0.46153846153846156
VVV,Fear,1557.896476,42,0.9285714285714286
W,Extreme Fear,0.0,1,0.0
W,Extreme Greed,113.419746,36,0.4444444444444444
W,Fear,228.656936,273,0.315018315018315
W,Greed,172.404018,52,0.4230769230769231
W,Neutral,1029.7698129999999,223,0.336322869955157
WIF,Extreme Fear,0.0,1,0.0
WIF,Extreme Greed,3493.238638,43,0.9302325581395349
WIF,Fear,1646.456594,62,0.5806451612903226
WIF,Greed,4398.226016,106,0.5377358490566038
WIF,Neutral,2581.601101,47,0.6808510638297872
WLD,Extreme Fear,0.0,5,0.0
WLD,Extreme Greed,12596.086735,238,0.819327731092437
WLD,Fear,6540.037843,292,0.3835616438356164
WLD,Greed,3621.777022,342,0.2719298245614035
WLD,Neutral,7558.909492,659,0.40971168437025796
XAI,Extreme Greed,24.573897000000002,4,0.75
XAI,Fear,1049.63991,4,0.75
XRP,Extreme Fear,23.807004,15,0.2
XRP,Extreme Greed,-69.98965700000001,59,0.2542372881355932
XRP,Fear,3423.070449,468,0.4551282051282051
XRP,Greed,254.69152,288,0.3993055555555556
XRP,Neutral,287.358323,25,0.6
YGG,Extreme Fear,0.0,1,0.0
YGG,Extreme Greed,1.986852,4,0.25
YGG,Fear,958.7833300000001,14,0.8571428571428571
YGG,Greed,17.577084,4,0.5
ZEN,Extreme Greed,-1492.4,17,0.0
ZEN,Greed,17.009293,13,0.6153846153846154
ZEREBRO,Extreme Fear,0.0,1,0.0
ZEREBRO,Fear,10652.693067,402,0.8631840796019901
ZEREBRO,Neutral,39.96634,2,1.0
ZETA,Extreme Fear,0.0,1,0.0
ZETA,Extreme Greed,3299.87874,215,0.9395348837209302
ZETA,Fear,-0.020309999999999998,4,0.25
ZETA,Greed,1317.41492,24,0.9583333333333334
ZK,Extreme Greed,0.0,4,0.0
ZK,Fear,30.504777999999998,16,0.75
ZK,Greed,49.203661,34,0.47058823529411764
ZK,Neutral,19.948254,2,1.0
ZRO,Extreme Fear,0.0,1,0.0
ZRO,Extreme Greed,341.7053,6,1.0
ZRO,Fear,33.97469,11,0.2727272727272727
ZRO,Greed,36165.56933,24,0.9583333333333334
ZRO,Neutral,143808.737013,1146,0.3324607329842932
kBONK,Extreme Fear,0.0,7,0.0
kBONK,Extreme Greed,10121.358395,169,0.7751479289940828
kBONK,Fear,934.991223,56,0.35714285714285715
kBONK,Greed,19596.588777,383,0.6788511749347258
kBONK,Neutral,10807.649979,235,0.6808510638297872
kFLOKI,Greed,1556.721213,31,0.5806451612903226
kPEPE,Extreme Fear,-5.6938200000000005,23,0.0
kPEPE,Extreme Greed,1466.103189,86,0.3488372093023256
kPEPE,Fear,3743.026276,172,0.47674418604651164
kPEPE,Greed,12431.519584,777,0.35263835263835264
kPEPE,Neutral,4871.758988,95,0.6736842105263158
kSHIB,Extreme Greed,460.729914,12,0.4166666666666667
kSHIB,Fear,-207.96686400000002,16,0.25
kSHIB,Greed,0.0,3,0.0
